InvoiceID;CustID;SalesDate;ProdID;Amt;Qty;Discounted;SupplierName
11;3;05/13/2011;1;2565.5;18;true;American General Ventures Inc 
20;2;08/13/2011;1;329.9;2;false;American General Ventures Inc 
28;19;02/15/2007;1;2309.6;14;false;American General Ventures Inc 
35;39;06/27/2006;1;824.9;5;false;American General Ventures Inc 
43;10;02/23/2007;1;3299.4;20;false;American General Ventures Inc 
46;27;09/15/2007;1;2969.5;18;false;American General Ventures Inc 
50;34;06/04/2005;1;2969.5;18;false;American General Ventures Inc 
67;19;05/11/2009;1;824.9;5;false;American General Ventures Inc 
70;33;06/17/2005;1;2309.6;14;false;American General Ventures Inc 
106;8;05/15/2010;1;1154.8;7;false;American General Ventures Inc 
110;4;06/12/2008;1;2969.5;18;false;American General Ventures Inc 
113;34;07/08/2007;1;2144.6;13;false;American General Ventures Inc 
115;11;10/14/2010;1;3134.4;19;false;American General Ventures Inc 
131;6;06/07/2007;1;1319.8;8;false;American General Ventures Inc 
134;30;02/09/2005;1;1154.8;7;false;American General Ventures Inc 
138;5;05/21/2010;1;2144.6;13;false;American General Ventures Inc 
139;23;12/18/2009;1;329.9;2;false;American General Ventures Inc 
153;1;01/12/2011;1;2474.6;15;false;American General Ventures Inc 
158;9;10/31/2007;1;329.9;2;false;American General Ventures Inc 
163;36;12/08/2010;1;2309.6;14;false;American General Ventures Inc 
164;19;11/26/2005;1;2144.6;13;false;American General Ventures Inc 
167;36;06/28/2006;1;2804.5;17;false;American General Ventures Inc 
185;27;03/11/2005;1;2969.5;18;false;American General Ventures Inc 
200;14;07/23/2006;1;1154.8;7;false;American General Ventures Inc 
247;12;03/04/2009;1;2639.5;26;false;American General Ventures Inc 
249;25;10/18/2010;1;2639.5;16;false;American General Ventures Inc 
263;24;04/25/2005;1;3134.4;19;false;American General Ventures Inc 
271;13;10/13/2005;1;1979.6;12;false;American General Ventures Inc 
295;21;05/12/2010;1;1319.8;8;false;American General Ventures Inc 
297;6;08/15/2011;1;1319.8;8;false;American General Ventures Inc 
298;35;10/06/2011;1;989.8;6;false;American General Ventures Inc 
333;18;11/19/2008;1;659.9;4;false;American General Ventures Inc 
351;37;08/06/2005;1;1814.7;11;false;American General Ventures Inc 
359;2;12/24/2007;1;989.8;6;false;American General Ventures Inc 
368;20;03/21/2011;1;989.8;6;false;American General Ventures Inc 
373;13;11/12/2010;1;3134.4;19;false;American General Ventures Inc 
374;26;03/23/2005;1;659.9;4;false;American General Ventures Inc 
378;3;12/23/2008;1;2144.6;13;false;American General Ventures Inc 
379;36;11/04/2005;1;494.9;3;false;American General Ventures Inc 
390;22;01/17/2007;1;2639.5;16;false;American General Ventures Inc 
399;6;09/19/2008;1;1319.8;8;false;American General Ventures Inc 
401;35;01/20/2010;1;2969.5;18;false;American General Ventures Inc 
408;12;09/07/2007;1;989.8;6;false;American General Ventures Inc 
419;25;12/17/2007;1;2969.5;18;false;American General Ventures Inc 
427;2;06/19/2005;1;329.9;2;false;American General Ventures Inc 
444;13;05/22/2010;1;1979.6;12;false;American General Ventures Inc 
445;15;09/08/2005;1;329.9;2;false;American General Ventures Inc 
448;31;02/05/2010;1;3299.4;20;false;American General Ventures Inc 
449;22;02/26/2006;1;1484.7;9;false;American General Ventures Inc 
472;12;04/23/2010;1;2309.6;14;false;American General Ventures Inc 
492;13;02/15/2009;1;3299.4;20;false;American General Ventures Inc 
513;17;08/29/2005;1;1814.7;11;false;American General Ventures Inc 
521;29;01/17/2006;1;1319.8;8;false;American General Ventures Inc 
531;23;09/10/2007;1;2804.5;17;false;American General Ventures Inc 
542;37;01/06/2008;1;2309.6;14;false;American General Ventures Inc 
560;14;09/10/2011;1;329.9;2;false;American General Ventures Inc 
593;38;04/06/2005;1;1319.8;8;false;American General Ventures Inc 
607;24;09/30/2006;1;2474.6;15;false;American General Ventures Inc 
620;7;02/26/2006;1;1979.6;12;false;American General Ventures Inc 
624;8;06/17/2007;1;1979.6;12;false;American General Ventures Inc 
632;3;09/24/2010;1;989.8;6;false;American General Ventures Inc 
649;18;05/15/2008;1;2969.5;18;false;American General Ventures Inc 
662;15;12/15/2006;1;1814.7;11;false;American General Ventures Inc 
664;16;03/27/2005;1;2969.5;18;false;American General Ventures Inc 
672;37;04/25/2008;1;2804.5;17;false;American General Ventures Inc 
683;3;07/20/2010;1;2474.6;15;false;American General Ventures Inc 
706;36;07/03/2011;1;2639.5;16;false;American General Ventures Inc 
722;8;06/23/2007;1;1649.7;10;false;American General Ventures Inc 
746;21;01/13/2008;1;1154.8;7;false;American General Ventures Inc 
762;23;10/23/2011;1;2639.5;16;false;American General Ventures Inc 
766;24;07/29/2006;1;989.8;6;false;American General Ventures Inc 
789;19;04/23/2006;1;494.9;3;false;American General Ventures Inc 
790;29;02/16/2008;1;1649.7;10;false;American General Ventures Inc 
813;22;06/25/2011;1;2969.5;18;false;American General Ventures Inc 
818;3;01/31/2006;1;2144.6;13;false;American General Ventures Inc 
823;32;08/01/2006;1;659.9;4;false;American General Ventures Inc 
825;10;06/27/2006;1;1484.7;9;false;American General Ventures Inc 
827;9;09/12/2007;1;989.8;6;false;American General Ventures Inc 
866;26;12/13/2006;1;2309.6;14;false;American General Ventures Inc 
872;11;07/30/2011;1;1814.7;11;false;American General Ventures Inc 
899;31;06/28/2005;1;494.9;3;false;American General Ventures Inc 
903;10;04/19/2011;1;989.8;6;false;American General Ventures Inc 
910;34;04/25/2011;1;3134.4;19;false;American General Ventures Inc 
933;38;07/25/2008;1;1814.7;11;false;American General Ventures Inc 
935;22;06/12/2007;1;659.9;4;false;American General Ventures Inc 
941;15;11/27/2005;1;3134.4;19;false;American General Ventures Inc 
962;30;11/28/2006;1;329.9;2;false;American General Ventures Inc 
966;30;05/29/2011;1;3299.4;20;false;American General Ventures Inc 
971;22;03/02/2008;1;1319.8;8;false;American General Ventures Inc 
1002;4;10/22/2006;1;2639.5;16;false;American General Ventures Inc 
1004;19;12/18/2009;1;3299.4;20;false;American General Ventures Inc 
1022;24;09/09/2011;1;2309.6;14;false;American General Ventures Inc 
1027;14;02/09/2005;1;989.8;6;false;American General Ventures Inc 
1052;22;07/16/2009;1;2309.6;14;false;American General Ventures Inc 
1055;30;02/27/2010;1;329.9;2;false;American General Ventures Inc 
1068;14;10/27/2007;1;2309.6;14;false;American General Ventures Inc 
1085;12;05/07/2007;1;1649.7;10;false;American General Ventures Inc 
1095;2;04/24/2006;1;3134.4;19;false;American General Ventures Inc 
1112;2;05/17/2009;1;2639.5;16;false;American General Ventures Inc 
1116;9;05/26/2007;1;2969.5;18;false;American General Ventures Inc 
1117;8;08/29/2010;1;3299.4;20;false;American General Ventures Inc 
1139;36;01/07/2008;1;824.9;5;false;American General Ventures Inc 
1147;24;03/07/2009;1;2639.5;16;false;American General Ventures Inc 
1156;30;11/22/2009;1;1319.8;8;false;American General Ventures Inc 
1157;10;10/21/2006;1;1814.7;11;false;American General Ventures Inc 
1164;2;10/09/2010;1;2309.6;14;false;American General Ventures Inc 
1165;31;11/17/2007;1;3299.4;20;false;American General Ventures Inc 
1166;16;08/28/2009;1;2969.5;18;false;American General Ventures Inc 
1175;15;09/23/2006;1;824.9;5;false;American General Ventures Inc 
1184;37;10/24/2008;1;2474.6;15;false;American General Ventures Inc 
1194;11;06/22/2010;1;1649.7;10;false;American General Ventures Inc 
1195;12;08/26/2007;1;1319.8;8;false;American General Ventures Inc 
1227;3;02/20/2008;1;2144.6;13;false;American General Ventures Inc 
1228;12;10/16/2006;1;2639.5;16;false;American General Ventures Inc 
1231;19;01/08/2009;1;1649.7;10;false;American General Ventures Inc 
1245;31;04/22/2011;1;1649.7;10;false;American General Ventures Inc 
1253;1;07/03/2011;1;1649.7;10;false;American General Ventures Inc 
1254;14;07/02/2010;1;2639.5;16;false;American General Ventures Inc 
1257;8;12/07/2009;1;2969.5;18;false;American General Ventures Inc 
1261;12;01/21/2008;1;2639.5;16;false;American General Ventures Inc 
1262;16;04/21/2007;1;329.9;2;false;American General Ventures Inc 
1264;38;12/05/2005;1;2804.5;17;false;American General Ventures Inc 
1266;4;10/15/2005;1;2804.5;17;false;American General Ventures Inc 
1282;17;11/13/2008;1;1814.7;11;false;American General Ventures Inc 
1283;38;04/27/2006;1;659.9;4;false;American General Ventures Inc 
1286;36;01/26/2008;1;989.8;6;false;American General Ventures Inc 
1289;36;01/26/2008;1;1814.7;11;false;American General Ventures Inc 
1295;6;04/07/2009;1;329.9;2;false;American General Ventures Inc 
1296;31;10/13/2009;1;2804.5;17;false;American General Ventures Inc 
1322;23;12/04/2007;1;2969.5;18;false;American General Ventures Inc 
1327;14;12/07/2006;1;2969.5;18;false;American General Ventures Inc 
1343;36;08/16/2010;1;659.9;4;false;American General Ventures Inc 
1344;4;12/07/2008;1;1814.7;11;false;American General Ventures Inc 
1349;7;08/11/2009;1;3134.4;19;false;American General Ventures Inc 
1363;37;12/24/2010;1;1649.7;10;false;American General Ventures Inc 
1387;27;12/26/2006;1;2144.6;13;false;American General Ventures Inc 
1414;24;07/11/2008;1;2474.6;15;false;American General Ventures Inc 
1425;31;09/03/2007;1;1154.8;7;false;American General Ventures Inc 
1426;37;11/04/2006;1;2309.6;14;false;American General Ventures Inc 
1444;2;03/21/2006;1;1979.6;12;false;American General Ventures Inc 
1463;17;05/08/2010;1;1979.6;12;false;American General Ventures Inc 
1466;27;01/19/2007;1;2309.6;14;false;American General Ventures Inc 
1471;34;09/18/2006;1;659.9;4;false;American General Ventures Inc 
1494;32;09/08/2007;1;2309.6;14;false;American General Ventures Inc 
1495;23;01/10/2010;1;329.9;2;false;American General Ventures Inc 
1523;18;07/08/2008;1;1814.7;11;false;American General Ventures Inc 
1532;2;06/18/2009;1;494.9;3;false;American General Ventures Inc 
1547;4;02/03/2005;1;2309.6;14;false;American General Ventures Inc 
1548;24;09/27/2006;1;2804.5;17;false;American General Ventures Inc 
1549;37;07/03/2006;1;2969.5;18;false;American General Ventures Inc 
1563;20;02/21/2005;1;2804.5;17;false;American General Ventures Inc 
1591;27;06/21/2010;1;2969.5;18;false;American General Ventures Inc 
1594;8;07/08/2010;1;3299.4;20;false;American General Ventures Inc 
1596;16;02/15/2010;1;1979.6;12;false;American General Ventures Inc 
1599;10;08/30/2005;1;2474.6;15;false;American General Ventures Inc 
1611;5;07/23/2011;1;2144.6;13;false;American General Ventures Inc 
1626;5;01/26/2007;1;2144.6;13;false;American General Ventures Inc 
1642;36;10/09/2005;1;1484.7;9;false;American General Ventures Inc 
1643;30;10/01/2009;1;3299.4;20;false;American General Ventures Inc 
1647;9;03/28/2006;1;494.9;3;false;American General Ventures Inc 
1651;13;06/27/2010;1;659.9;4;false;American General Ventures Inc 
1674;7;05/20/2011;1;2969.5;18;false;American General Ventures Inc 
1680;21;08/31/2005;1;1484.7;9;false;American General Ventures Inc 
1708;16;04/13/2005;1;494.9;3;false;American General Ventures Inc 
1709;3;10/03/2006;1;1979.6;12;false;American General Ventures Inc 
1710;10;12/10/2006;1;1154.8;7;false;American General Ventures Inc 
1726;1;06/10/2006;1;1154.8;7;false;American General Ventures Inc 
1734;18;02/08/2011;1;3134.4;19;false;American General Ventures Inc 
1747;2;08/15/2008;1;1154.8;7;false;American General Ventures Inc 
1756;28;11/14/2007;1;2474.6;15;false;American General Ventures Inc 
1763;7;07/03/2010;1;2309.6;14;false;American General Ventures Inc 
1770;18;05/04/2010;1;1649.7;10;false;American General Ventures Inc 
1772;36;02/11/2005;1;1484.7;9;false;American General Ventures Inc 
1779;37;12/31/2008;1;1484.7;9;false;American General Ventures Inc 
1781;30;06/13/2008;1;1979.6;12;false;American General Ventures Inc 
1783;31;10/16/2009;1;2309.6;14;false;American General Ventures Inc 
1785;12;12/22/2009;1;2969.5;18;false;American General Ventures Inc 
1790;38;09/10/2008;1;1154.8;7;false;American General Ventures Inc 
1806;4;10/04/2008;1;2309.6;14;false;American General Ventures Inc 
1816;29;07/27/2008;1;1319.8;8;false;American General Ventures Inc 
1817;7;03/23/2009;1;1484.7;9;false;American General Ventures Inc 
1819;13;02/26/2011;1;824.9;5;false;American General Ventures Inc 
1823;4;10/25/2011;1;2474.6;15;false;American General Ventures Inc 
1825;28;02/15/2006;1;1649.7;10;false;American General Ventures Inc 
1826;2;09/28/2008;1;2309.6;14;false;American General Ventures Inc 
1828;11;05/13/2006;1;1319.8;8;false;American General Ventures Inc 
1832;27;05/14/2008;1;2969.5;18;false;American General Ventures Inc 
1837;17;02/14/2006;1;2969.5;18;false;American General Ventures Inc 
1856;16;06/23/2006;1;2639.5;16;false;American General Ventures Inc 
1861;34;03/03/2010;1;1319.8;8;false;American General Ventures Inc 
1866;1;01/14/2005;1;494.9;3;false;American General Ventures Inc 
1871;19;05/17/2010;1;1484.7;9;false;American General Ventures Inc 
1882;6;03/07/2010;1;1649.7;10;false;American General Ventures Inc 
1929;27;04/16/2007;1;1154.8;7;false;American General Ventures Inc 
1938;18;05/20/2005;1;494.9;3;false;American General Ventures Inc 
1943;19;07/26/2006;1;1319.8;8;false;American General Ventures Inc 
1954;9;04/17/2010;1;2309.6;14;false;American General Ventures Inc 
1958;6;12/21/2005;1;2474.6;15;false;American General Ventures Inc 
1967;37;01/17/2010;1;2804.5;17;false;American General Ventures Inc 
1970;17;11/09/2008;1;1649.7;10;false;American General Ventures Inc 
1977;31;02/17/2005;1;3299.4;20;false;American General Ventures Inc 
1993;7;10/15/2010;1;2309.6;14;false;American General Ventures Inc 
2017;2;07/14/2007;1;989.8;6;false;American General Ventures Inc 
2023;1;08/12/2007;1;1814.7;11;false;American General Ventures Inc 
2024;38;01/21/2006;1;3299.4;20;false;American General Ventures Inc 
2029;31;06/15/2005;1;2639.5;16;false;American General Ventures Inc 
2043;39;12/22/2010;1;2144.6;13;false;American General Ventures Inc 
2049;26;11/06/2010;1;2804.5;17;false;American General Ventures Inc 
2051;22;10/15/2008;1;1814.7;11;false;American General Ventures Inc 
2066;5;09/27/2011;1;1319.8;8;false;American General Ventures Inc 
2087;35;11/17/2006;1;3134.4;19;false;American General Ventures Inc 
2092;9;03/16/2011;1;2969.5;18;false;American General Ventures Inc 
2109;36;07/06/2006;1;1484.7;9;false;American General Ventures Inc 
2119;11;05/05/2008;1;2639.5;16;false;American General Ventures Inc 
2133;29;12/15/2009;1;824.9;5;false;American General Ventures Inc 
2138;17;06/12/2009;1;1649.7;10;false;American General Ventures Inc 
2140;11;07/20/2008;1;2144.6;13;false;American General Ventures Inc 
2167;12;12/24/2008;1;2144.6;13;false;American General Ventures Inc 
2170;25;07/27/2009;1;2639.5;16;false;American General Ventures Inc 
2176;22;01/02/2005;1;494.9;3;false;American General Ventures Inc 
2192;9;11/24/2010;1;2969.5;18;false;American General Ventures Inc 
2194;15;08/21/2007;1;989.8;6;false;American General Ventures Inc 
2197;9;05/14/2007;1;2969.5;18;false;American General Ventures Inc 
2210;1;03/26/2007;1;494.9;3;false;American General Ventures Inc 
2237;1;02/10/2007;1;659.9;4;false;American General Ventures Inc 
2238;19;04/12/2007;1;2474.6;15;false;American General Ventures Inc 
2249;19;01/31/2010;1;1649.7;10;false;American General Ventures Inc 
2250;31;02/28/2009;1;3134.4;19;false;American General Ventures Inc 
2252;14;01/27/2011;1;2969.5;18;false;American General Ventures Inc 
2264;5;04/04/2009;1;3134.4;19;false;American General Ventures Inc 
2271;14;11/15/2007;1;2804.5;17;false;American General Ventures Inc 
2293;1;11/05/2006;1;2144.6;13;false;American General Ventures Inc 
2294;21;09/14/2006;1;2144.6;13;false;American General Ventures Inc 
2305;20;08/01/2006;1;1484.7;9;false;American General Ventures Inc 
2311;18;01/12/2011;1;494.9;3;false;American General Ventures Inc 
2323;36;03/28/2011;1;2474.6;15;false;American General Ventures Inc 
2341;4;10/03/2011;1;494.9;3;false;American General Ventures Inc 
2355;27;04/18/2008;1;989.8;6;false;American General Ventures Inc 
2362;3;04/18/2005;1;2474.6;15;false;American General Ventures Inc 
2367;8;03/01/2008;1;2309.6;14;false;American General Ventures Inc 
2373;23;08/04/2011;1;2309.6;14;false;American General Ventures Inc 
2402;9;12/15/2008;1;2309.6;14;false;American General Ventures Inc 
2410;15;07/03/2009;1;2969.5;18;false;American General Ventures Inc 
2470;28;10/25/2009;1;824.9;5;false;American General Ventures Inc 
2472;18;09/23/2011;1;1814.7;11;false;American General Ventures Inc 
2475;28;01/04/2011;1;989.8;6;false;American General Ventures Inc 
2481;5;07/18/2010;1;1649.7;10;false;American General Ventures Inc 
2483;12;12/12/2005;1;1484.7;9;false;American General Ventures Inc 
2492;29;03/07/2007;1;2309.6;14;false;American General Ventures Inc 
2506;28;06/16/2007;1;1979.6;12;false;American General Ventures Inc 
2515;38;12/08/2005;1;989.8;6;false;American General Ventures Inc 
2516;6;09/10/2007;1;329.9;2;false;American General Ventures Inc 
2535;18;03/02/2009;1;1154.8;7;false;American General Ventures Inc 
2587;38;03/31/2006;1;1979.6;12;false;American General Ventures Inc 
2592;6;10/14/2011;1;3134.4;19;false;American General Ventures Inc 
2608;32;09/19/2008;1;2474.6;15;false;American General Ventures Inc 
2609;25;01/02/2010;1;659.9;4;false;American General Ventures Inc 
2621;16;08/06/2011;1;1979.6;12;false;American General Ventures Inc 
2633;31;01/19/2007;1;2639.5;16;false;American General Ventures Inc 
2641;35;12/04/2006;1;1319.8;8;false;American General Ventures Inc 
2644;2;08/15/2011;1;3134.4;19;false;American General Ventures Inc 
2650;8;08/15/2011;1;329.9;2;false;American General Ventures Inc 
2662;34;05/11/2010;1;494.9;3;false;American General Ventures Inc 
2665;39;05/09/2005;1;3134.4;19;false;American General Ventures Inc 
2668;5;08/26/2010;1;824.9;5;false;American General Ventures Inc 
2674;27;06/29/2010;1;1979.6;12;false;American General Ventures Inc 
2681;15;08/02/2008;1;1979.6;12;false;American General Ventures Inc 
2689;17;10/17/2007;1;1814.7;11;false;American General Ventures Inc 
2699;35;06/10/2005;1;2309.6;14;false;American General Ventures Inc 
2709;4;04/05/2007;1;2474.6;15;false;American General Ventures Inc 
2718;5;04/01/2007;1;1319.8;8;false;American General Ventures Inc 
2740;34;11/12/2007;1;1649.7;10;false;American General Ventures Inc 
2743;14;05/14/2008;1;2309.6;14;false;American General Ventures Inc 
2747;5;07/30/2010;1;1979.6;12;false;American General Ventures Inc 
2750;19;04/04/2011;1;1814.7;11;false;American General Ventures Inc 
2767;39;06/02/2010;1;824.9;5;false;American General Ventures Inc 
2772;34;01/16/2006;1;494.9;3;false;American General Ventures Inc 
2773;2;06/05/2005;1;3299.4;20;false;American General Ventures Inc 
2778;12;01/11/2007;1;3299.4;20;false;American General Ventures Inc 
2789;19;11/05/2005;1;1649.7;10;false;American General Ventures Inc 
2809;3;02/20/2009;1;2804.5;17;false;American General Ventures Inc 
2810;26;07/04/2009;1;989.8;6;false;American General Ventures Inc 
2811;8;10/26/2009;1;1154.8;7;false;American General Ventures Inc 
2815;30;11/30/2005;1;329.9;2;false;American General Ventures Inc 
2821;37;05/04/2005;1;2309.6;14;false;American General Ventures Inc 
2834;19;02/20/2005;1;824.9;5;false;American General Ventures Inc 
2843;6;10/06/2008;1;2804.5;17;false;American General Ventures Inc 
2881;15;08/23/2008;1;1319.8;8;false;American General Ventures Inc 
2887;19;05/22/2010;1;824.9;5;false;American General Ventures Inc 
2901;6;10/30/2011;1;1649.7;10;false;American General Ventures Inc 
2920;6;12/03/2010;1;1484.7;9;false;American General Ventures Inc 
2925;8;04/20/2007;1;2474.6;15;false;American General Ventures Inc 
2954;35;02/08/2007;1;2474.6;15;false;American General Ventures Inc 
2955;5;01/26/2008;1;1814.7;11;false;American General Ventures Inc 
2987;26;10/11/2009;1;1484.7;9;false;American General Ventures Inc 
2990;16;08/28/2005;1;1319.8;8;false;American General Ventures Inc 
2993;18;08/31/2007;1;1814.7;11;false;American General Ventures Inc 
3027;8;05/03/2011;1;1649.7;10;false;American General Ventures Inc 
3029;36;08/15/2007;1;1154.8;7;false;American General Ventures Inc 
3050;14;03/20/2009;1;2639.5;16;false;American General Ventures Inc 
3058;8;01/18/2005;1;1649.7;10;false;American General Ventures Inc 
3068;7;08/14/2011;1;659.9;4;false;American General Ventures Inc 
3078;37;10/16/2006;1;659.9;4;false;American General Ventures Inc 
3079;39;05/11/2010;1;659.9;4;false;American General Ventures Inc 
3093;30;10/27/2010;1;2969.5;18;false;American General Ventures Inc 
3094;30;05/17/2006;1;494.9;3;false;American General Ventures Inc 
3102;16;10/29/2008;1;2474.6;15;false;American General Ventures Inc 
3104;21;04/18/2006;1;659.9;4;false;American General Ventures Inc 
3107;38;11/20/2007;1;659.9;4;false;American General Ventures Inc 
3108;38;11/14/2006;1;2804.5;17;false;American General Ventures Inc 
3112;32;07/16/2009;1;1979.6;12;false;American General Ventures Inc 
3121;20;05/10/2007;1;1979.6;12;false;American General Ventures Inc 
3128;21;09/22/2009;1;659.9;4;false;American General Ventures Inc 
3133;8;05/16/2008;1;1649.7;10;false;American General Ventures Inc 
3141;5;06/14/2010;1;2474.6;15;false;American General Ventures Inc 
3166;12;05/04/2010;1;3299.4;20;false;American General Ventures Inc 
3188;16;10/06/2010;1;1484.7;9;false;American General Ventures Inc 
3210;17;11/11/2010;1;1979.6;12;false;American General Ventures Inc 
3212;10;04/19/2005;1;494.9;3;false;American General Ventures Inc 
3213;3;01/22/2005;1;1154.8;7;false;American General Ventures Inc 
3216;23;10/20/2010;1;659.9;4;false;American General Ventures Inc 
3221;30;06/17/2009;1;1979.6;12;false;American General Ventures Inc 
3235;35;03/19/2005;1;1814.7;11;false;American General Ventures Inc 
3237;27;05/09/2006;1;2309.6;14;false;American General Ventures Inc 
3239;10;11/27/2007;1;1979.6;12;false;American General Ventures Inc 
3249;33;01/13/2010;1;1319.8;8;false;American General Ventures Inc 
3251;22;08/26/2006;1;494.9;3;false;American General Ventures Inc 
3252;24;12/20/2008;1;2474.6;15;false;American General Ventures Inc 
3284;16;01/07/2007;1;3299.4;20;false;American General Ventures Inc 
3301;23;05/19/2007;1;3134.4;19;false;American General Ventures Inc 
3308;28;04/22/2005;1;1814.7;11;false;American General Ventures Inc 
3349;16;11/25/2005;1;2474.6;15;false;American General Ventures Inc 
3351;21;07/11/2011;1;3299.4;20;false;American General Ventures Inc 
3363;32;11/17/2007;1;989.8;6;false;American General Ventures Inc 
3386;28;09/20/2006;1;494.9;3;false;American General Ventures Inc 
3397;23;11/17/2008;1;824.9;5;false;American General Ventures Inc 
3420;39;10/16/2006;1;494.9;3;false;American General Ventures Inc 
3427;39;01/18/2011;1;989.8;6;false;American General Ventures Inc 
3434;38;06/23/2010;1;2309.6;14;false;American General Ventures Inc 
3440;39;10/19/2010;1;1154.8;7;false;American General Ventures Inc 
3444;16;06/18/2008;1;1319.8;8;false;American General Ventures Inc 
3446;35;01/07/2009;1;1484.7;9;false;American General Ventures Inc 
3487;24;06/02/2010;1;3134.4;19;false;American General Ventures Inc 
3488;28;04/01/2010;1;1649.7;10;false;American General Ventures Inc 
3495;14;02/18/2010;1;3299.4;20;false;American General Ventures Inc 
3511;16;04/03/2011;1;2639.5;16;false;American General Ventures Inc 
3524;31;03/08/2006;1;1484.7;9;false;American General Ventures Inc 
3526;32;04/10/2005;1;989.8;6;false;American General Ventures Inc 
3547;5;10/01/2008;1;1649.7;10;false;American General Ventures Inc 
3585;38;03/05/2006;1;2969.5;18;false;American General Ventures Inc 
3591;14;04/09/2009;1;824.9;5;false;American General Ventures Inc 
3599;32;08/13/2011;1;2144.6;13;false;American General Ventures Inc 
3602;5;03/25/2008;1;1814.7;11;false;American General Ventures Inc 
3603;21;03/15/2011;1;3134.4;19;false;American General Ventures Inc 
3605;17;07/09/2009;1;3134.4;19;false;American General Ventures Inc 
3613;20;05/09/2005;1;3134.4;19;false;American General Ventures Inc 
3634;28;07/01/2005;1;494.9;3;false;American General Ventures Inc 
3640;15;06/08/2005;1;989.8;6;false;American General Ventures Inc 
3647;10;09/13/2011;1;2144.6;13;false;American General Ventures Inc 
3654;13;06/09/2005;1;1319.8;8;false;American General Ventures Inc 
3668;26;01/02/2011;1;2474.6;15;false;American General Ventures Inc 
3683;12;07/11/2010;1;1979.6;12;false;American General Ventures Inc 
3686;18;02/11/2010;1;989.8;6;false;American General Ventures Inc 
3704;29;05/28/2009;1;1649.7;10;false;American General Ventures Inc 
3718;31;01/04/2006;1;1649.7;10;false;American General Ventures Inc 
3739;4;12/10/2006;1;1814.7;11;false;American General Ventures Inc 
3757;3;09/04/2009;1;2309.6;14;false;American General Ventures Inc 
3758;33;07/20/2009;1;1319.8;8;false;American General Ventures Inc 
3766;38;12/03/2008;1;1484.7;9;false;American General Ventures Inc 
3775;17;04/21/2007;1;824.9;5;false;American General Ventures Inc 
3778;37;12/26/2008;1;1649.7;10;false;American General Ventures Inc 
3780;35;07/20/2006;1;1154.8;7;false;American General Ventures Inc 
3793;22;04/16/2010;1;1814.7;11;false;American General Ventures Inc 
3795;21;10/07/2009;1;494.9;3;false;American General Ventures Inc 
3811;37;12/04/2010;1;824.9;5;false;American General Ventures Inc 
3816;36;08/01/2007;1;989.8;6;false;American General Ventures Inc 
3829;33;02/10/2008;1;1484.7;9;false;American General Ventures Inc 
3836;1;09/05/2008;1;494.9;3;false;American General Ventures Inc 
3851;35;01/12/2009;1;2144.6;13;false;American General Ventures Inc 
3858;5;07/07/2011;1;494.9;3;false;American General Ventures Inc 
3867;7;03/12/2008;1;1814.7;11;false;American General Ventures Inc 
3872;3;05/08/2010;1;3299.4;20;false;American General Ventures Inc 
3873;10;07/26/2005;1;659.9;4;false;American General Ventures Inc 
3881;34;05/20/2006;1;659.9;4;false;American General Ventures Inc 
3884;21;12/12/2008;1;1814.7;11;false;American General Ventures Inc 
3901;31;03/21/2010;1;329.9;2;false;American General Ventures Inc 
3904;1;02/02/2011;1;1814.7;11;false;American General Ventures Inc 
3905;24;06/17/2009;1;1484.7;9;false;American General Ventures Inc 
3919;28;05/04/2007;1;1649.7;10;false;American General Ventures Inc 
3922;38;04/28/2007;1;2639.5;16;false;American General Ventures Inc 
3951;6;03/29/2010;1;1484.7;9;false;American General Ventures Inc 
3968;29;07/20/2005;1;824.9;5;false;American General Ventures Inc 
3969;24;06/09/2010;1;824.9;5;false;American General Ventures Inc 
3978;29;11/13/2007;1;1154.8;7;false;American General Ventures Inc 
3981;22;11/29/2009;1;2969.5;18;false;American General Ventures Inc 
3983;15;02/27/2010;1;1154.8;7;false;American General Ventures Inc 
3994;2;07/20/2009;1;1979.6;12;false;American General Ventures Inc 
3997;33;11/24/2006;1;2309.6;14;false;American General Ventures Inc 
4002;37;09/17/2005;1;2804.5;17;false;American General Ventures Inc 
4003;9;04/14/2008;1;2804.5;17;false;American General Ventures Inc 
4008;7;01/19/2005;1;3299.4;20;false;American General Ventures Inc 
4033;6;08/13/2007;1;2804.5;17;false;American General Ventures Inc 
4057;34;03/04/2011;1;989.8;6;false;American General Ventures Inc 
4058;35;08/03/2008;1;3134.4;19;false;American General Ventures Inc 
4064;10;06/23/2005;1;2969.5;18;false;American General Ventures Inc 
4066;4;07/23/2009;1;1979.6;12;false;American General Ventures Inc 
4082;13;03/20/2007;1;2474.6;15;false;American General Ventures Inc 
4088;9;07/04/2006;1;989.8;6;false;American General Ventures Inc 
4105;10;02/15/2011;1;329.9;2;false;American General Ventures Inc 
4114;15;09/05/2009;1;2474.6;15;false;American General Ventures Inc 
4116;19;12/23/2005;1;2969.5;18;false;American General Ventures Inc 
4123;37;05/14/2010;1;329.9;2;false;American General Ventures Inc 
4138;6;10/09/2009;1;329.9;2;false;American General Ventures Inc 
4143;13;02/06/2011;1;2639.5;16;false;American General Ventures Inc 
4149;32;12/18/2006;1;1649.7;10;false;American General Ventures Inc 
4152;33;12/15/2009;1;2804.5;17;false;American General Ventures Inc 
4157;4;12/13/2005;1;989.8;6;false;American General Ventures Inc 
4166;16;03/31/2008;1;659.9;4;false;American General Ventures Inc 
4187;27;06/03/2011;1;2639.5;16;false;American General Ventures Inc 
4188;39;01/13/2007;1;329.9;2;false;American General Ventures Inc 
4191;33;09/22/2010;1;2309.6;14;false;American General Ventures Inc 
4201;3;03/08/2008;1;1154.8;7;false;American General Ventures Inc 
4203;10;11/15/2005;1;1979.6;12;false;American General Ventures Inc 
4242;20;12/27/2005;1;659.9;4;false;American General Ventures Inc 
4245;8;05/12/2009;1;2969.5;18;false;American General Ventures Inc 
4254;18;06/28/2009;1;3299.4;20;false;American General Ventures Inc 
4256;39;12/23/2008;1;989.8;6;false;American General Ventures Inc 
4265;19;07/04/2010;1;2309.6;14;false;American General Ventures Inc 
4268;20;06/25/2010;1;3134.4;19;false;American General Ventures Inc 
4271;17;09/25/2009;1;2639.5;16;false;American General Ventures Inc 
4273;22;09/23/2010;1;1649.7;10;false;American General Ventures Inc 
4275;30;01/22/2006;1;1649.7;10;false;American General Ventures Inc 
4277;27;10/02/2007;1;2804.5;17;false;American General Ventures Inc 
4285;18;08/23/2009;1;2639.5;16;false;American General Ventures Inc 
4303;9;10/03/2011;1;1154.8;7;false;American General Ventures Inc 
4304;14;02/15/2010;1;824.9;5;false;American General Ventures Inc 
4311;10;03/07/2007;1;2639.5;16;false;American General Ventures Inc 
4326;33;02/20/2008;1;1814.7;11;false;American General Ventures Inc 
4327;24;03/21/2006;1;2804.5;17;false;American General Ventures Inc 
4350;32;12/21/2007;1;2309.6;14;false;American General Ventures Inc 
4365;26;05/08/2006;1;2144.6;13;false;American General Ventures Inc 
4375;12;02/14/2009;1;494.9;3;false;American General Ventures Inc 
4385;32;03/24/2006;1;1814.7;11;false;American General Ventures Inc 
4394;38;03/07/2008;1;3299.4;20;false;American General Ventures Inc 
4407;18;02/02/2011;1;3299.4;20;false;American General Ventures Inc 
4415;27;09/14/2007;1;2969.5;18;false;American General Ventures Inc 
4429;39;09/06/2010;1;494.9;3;false;American General Ventures Inc 
4432;39;05/25/2008;1;2969.5;18;false;American General Ventures Inc 
4436;35;12/11/2009;1;3299.4;20;false;American General Ventures Inc 
4445;24;03/01/2005;1;2969.5;18;false;American General Ventures Inc 
4449;10;01/04/2007;1;2309.6;14;false;American General Ventures Inc 
4452;19;07/24/2011;1;1319.8;8;false;American General Ventures Inc 
4456;11;12/17/2006;1;1319.8;8;false;American General Ventures Inc 
4484;8;04/04/2006;1;1814.7;11;false;American General Ventures Inc 
4508;8;04/03/2010;1;1979.6;12;false;American General Ventures Inc 
4528;19;05/13/2005;1;659.9;4;false;American General Ventures Inc 
4535;20;02/22/2005;1;659.9;4;false;American General Ventures Inc 
4541;32;11/04/2008;1;494.9;3;false;American General Ventures Inc 
4549;30;04/16/2010;1;824.9;5;false;American General Ventures Inc 
4568;6;05/01/2007;1;1319.8;8;false;American General Ventures Inc 
4571;31;03/07/2005;1;329.9;2;false;American General Ventures Inc 
4611;22;03/21/2007;1;2804.5;17;false;American General Ventures Inc 
4616;14;04/06/2005;1;2144.6;13;false;American General Ventures Inc 
4622;30;02/01/2010;1;2969.5;18;false;American General Ventures Inc 
4640;37;05/03/2008;1;329.9;2;false;American General Ventures Inc 
4674;20;01/01/2006;1;2144.6;13;false;American General Ventures Inc 
4682;1;05/29/2010;1;3299.4;20;false;American General Ventures Inc 
4685;10;04/26/2010;1;2969.5;18;false;American General Ventures Inc 
4687;36;09/29/2008;1;1649.7;10;false;American General Ventures Inc 
4711;25;09/05/2008;1;2144.6;13;false;American General Ventures Inc 
4724;11;08/24/2010;1;1814.7;11;false;American General Ventures Inc 
4737;19;04/10/2005;1;329.9;2;false;American General Ventures Inc 
4745;6;01/10/2008;1;1319.8;8;false;American General Ventures Inc 
4754;39;07/26/2008;1;1319.8;8;false;American General Ventures Inc 
4756;26;03/13/2007;1;989.8;6;false;American General Ventures Inc 
4759;4;08/17/2005;1;2969.5;18;false;American General Ventures Inc 
4763;10;05/14/2005;1;1484.7;9;false;American General Ventures Inc 
4776;33;07/08/2010;1;2969.5;18;false;American General Ventures Inc 
4777;4;09/06/2011;1;1649.7;10;false;American General Ventures Inc 
4789;12;01/23/2006;1;2639.5;16;false;American General Ventures Inc 
4791;18;04/11/2007;1;1484.7;9;false;American General Ventures Inc 
4793;17;10/25/2006;1;2969.5;18;false;American General Ventures Inc 
4799;3;12/19/2006;1;1979.6;12;false;American General Ventures Inc 
4803;1;06/23/2007;1;2309.6;14;false;American General Ventures Inc 
4817;38;06/08/2011;1;2639.5;16;false;American General Ventures Inc 
4820;11;12/14/2005;1;1154.8;7;false;American General Ventures Inc 
4822;8;07/04/2009;1;2639.5;16;false;American General Ventures Inc 
4825;36;05/26/2011;1;1814.7;11;false;American General Ventures Inc 
4843;20;02/02/2008;1;2144.6;13;false;American General Ventures Inc 
4861;25;07/15/2007;1;2474.6;15;false;American General Ventures Inc 
4900;36;02/01/2010;1;3134.4;19;false;American General Ventures Inc 
4901;39;03/27/2006;1;824.9;5;false;American General Ventures Inc 
4912;24;12/14/2008;1;2639.5;16;false;American General Ventures Inc 
4923;27;03/13/2010;1;329.9;2;false;American General Ventures Inc 
4924;20;09/25/2010;1;2309.6;14;false;American General Ventures Inc 
4925;4;01/25/2005;1;1484.7;9;false;American General Ventures Inc 
4927;19;01/23/2008;1;2144.6;13;false;American General Ventures Inc 
4932;32;02/06/2007;1;659.9;4;false;American General Ventures Inc 
4935;26;08/16/2009;1;1319.8;8;false;American General Ventures Inc 
4949;30;06/06/2006;1;494.9;3;false;American General Ventures Inc 
4950;37;11/09/2010;1;2309.6;14;false;American General Ventures Inc 
4951;15;10/04/2011;1;2474.6;15;false;American General Ventures Inc 
4954;3;08/30/2010;1;494.9;3;false;American General Ventures Inc 
4956;34;08/14/2009;1;824.9;5;false;American General Ventures Inc 
4960;24;07/31/2011;1;2804.5;17;false;American General Ventures Inc 
4994;31;01/03/2009;1;2309.6;14;false;American General Ventures Inc 
5002;26;12/24/2006;1;3134.4;19;false;American General Ventures Inc 
5003;2;09/25/2005;1;2804.5;17;false;American General Ventures Inc 
5027;1;08/07/2011;1;1154.8;7;false;American General Ventures Inc 
5030;9;12/28/2009;1;494.9;3;false;American General Ventures Inc 
5045;4;05/05/2006;1;3134.4;19;false;American General Ventures Inc 
5061;37;04/28/2010;1;494.9;3;false;American General Ventures Inc 
5062;27;12/27/2009;1;2969.5;18;false;American General Ventures Inc 
5064;32;02/19/2010;1;3134.4;19;false;American General Ventures Inc 
5085;3;07/03/2007;1;2804.5;17;false;American General Ventures Inc 
5091;37;05/13/2009;1;824.9;5;false;American General Ventures Inc 
5112;9;09/05/2007;1;2969.5;18;false;American General Ventures Inc 
5114;21;10/19/2009;1;1154.8;7;false;American General Ventures Inc 
5117;9;02/29/2008;1;1814.7;11;false;American General Ventures Inc 
5153;2;06/19/2008;1;2144.6;13;false;American General Ventures Inc 
5156;18;10/02/2008;1;2969.5;18;false;American General Ventures Inc 
5163;13;01/30/2009;1;3134.4;19;false;American General Ventures Inc 
5164;19;02/08/2006;1;494.9;3;false;American General Ventures Inc 
5175;4;02/24/2011;1;1319.8;8;false;American General Ventures Inc 
5177;1;04/16/2008;1;2969.5;18;false;American General Ventures Inc 
5180;26;09/19/2005;1;1814.7;11;false;American General Ventures Inc 
5184;25;08/25/2010;1;1814.7;11;false;American General Ventures Inc 
5186;7;09/29/2006;1;2804.5;17;false;American General Ventures Inc 
5209;39;03/01/2009;1;1979.6;12;false;American General Ventures Inc 
5220;4;02/16/2006;1;824.9;5;false;American General Ventures Inc 
5236;32;12/31/2005;1;2474.6;15;false;American General Ventures Inc 
5243;35;06/20/2010;1;2309.6;14;false;American General Ventures Inc 
5255;19;06/13/2009;1;2969.5;18;false;American General Ventures Inc 
5288;2;03/10/2005;1;1649.7;10;false;American General Ventures Inc 
5289;25;04/08/2010;1;3134.4;19;false;American General Ventures Inc 
5291;1;06/30/2005;1;2969.5;18;false;American General Ventures Inc 
5294;7;06/03/2008;1;1154.8;7;false;American General Ventures Inc 
5301;27;01/21/2005;1;2969.5;18;false;American General Ventures Inc 
5316;30;08/02/2006;1;1319.8;8;false;American General Ventures Inc 
5320;36;07/13/2005;1;3134.4;19;false;American General Ventures Inc 
5336;4;03/18/2005;1;989.8;6;false;American General Ventures Inc 
5338;39;08/29/2007;1;1484.7;9;false;American General Ventures Inc 
5342;25;02/27/2009;1;824.9;5;false;American General Ventures Inc 
5354;13;07/31/2011;1;3134.4;19;false;American General Ventures Inc 
5356;22;01/11/2007;1;1319.8;8;false;American General Ventures Inc 
5362;2;10/13/2005;1;1319.8;8;false;American General Ventures Inc 
5363;32;01/21/2008;1;3299.4;20;false;American General Ventures Inc 
5366;8;12/23/2007;1;3134.4;19;false;American General Ventures Inc 
5384;14;08/28/2005;1;2474.6;15;false;American General Ventures Inc 
5388;14;04/25/2010;1;329.9;2;false;American General Ventures Inc 
5401;37;08/27/2005;1;989.8;6;false;American General Ventures Inc 
5402;33;09/08/2009;1;2309.6;14;false;American General Ventures Inc 
5405;36;11/24/2006;1;329.9;2;false;American General Ventures Inc 
5422;26;11/07/2010;1;2969.5;18;false;American General Ventures Inc 
5423;18;02/04/2009;1;2474.6;15;false;American General Ventures Inc 
5429;24;01/12/2008;1;1649.7;10;false;American General Ventures Inc 
5433;20;05/06/2009;1;2309.6;14;false;American General Ventures Inc 
5451;22;04/11/2005;1;1319.8;8;false;American General Ventures Inc 
5455;19;04/22/2006;1;2144.6;13;false;American General Ventures Inc 
5461;31;10/24/2010;1;824.9;5;false;American General Ventures Inc 
5466;12;06/10/2007;1;659.9;4;false;American General Ventures Inc 
5471;19;06/08/2005;1;2804.5;17;false;American General Ventures Inc 
5480;2;02/09/2005;1;989.8;6;false;American General Ventures Inc 
5484;4;08/08/2010;1;3134.4;19;false;American General Ventures Inc 
5493;36;04/16/2007;1;1319.8;8;false;American General Ventures Inc 
5496;32;10/03/2010;1;1484.7;9;false;American General Ventures Inc 
5506;2;02/20/2010;1;1649.7;10;false;American General Ventures Inc 
5515;5;07/23/2006;1;824.9;5;false;American General Ventures Inc 
5526;5;02/10/2010;1;2474.6;15;false;American General Ventures Inc 
5533;36;09/30/2009;1;2474.6;15;false;American General Ventures Inc 
5534;31;05/25/2010;1;1814.7;11;false;American General Ventures Inc 
5554;21;12/10/2005;1;1649.7;10;false;American General Ventures Inc 
5560;14;12/27/2010;1;2144.6;13;false;American General Ventures Inc 
5572;36;07/16/2007;1;824.9;5;false;American General Ventures Inc 
5578;9;05/24/2008;1;824.9;5;false;American General Ventures Inc 
5579;33;10/09/2008;1;2969.5;18;false;American General Ventures Inc 
5593;37;08/13/2006;1;2309.6;14;false;American General Ventures Inc 
5596;24;06/24/2007;1;1484.7;9;false;American General Ventures Inc 
5603;32;03/15/2006;1;1979.6;12;false;American General Ventures Inc 
5616;4;03/09/2009;1;2804.5;17;false;American General Ventures Inc 
5623;32;01/29/2005;1;2969.5;18;false;American General Ventures Inc 
5626;28;06/23/2005;1;2639.5;16;false;American General Ventures Inc 
5631;32;06/20/2008;1;1649.7;10;false;American General Ventures Inc 
5636;20;07/24/2008;1;1154.8;7;false;American General Ventures Inc 
5649;31;12/21/2009;1;2804.5;17;false;American General Ventures Inc 
5657;17;07/07/2007;1;1154.8;7;false;American General Ventures Inc 
5661;5;09/03/2008;1;329.9;2;false;American General Ventures Inc 
5677;9;02/20/2006;1;494.9;3;false;American General Ventures Inc 
5683;23;04/27/2010;1;2309.6;14;false;American General Ventures Inc 
5686;37;01/10/2005;1;2639.5;16;false;American General Ventures Inc 
5688;27;07/20/2007;1;3134.4;19;false;American General Ventures Inc 
5689;25;11/01/2007;1;2309.6;14;false;American General Ventures Inc 
5706;39;08/31/2011;1;2969.5;18;false;American General Ventures Inc 
5727;23;01/28/2007;1;1154.8;7;false;American General Ventures Inc 
5744;26;05/30/2006;1;1814.7;11;false;American General Ventures Inc 
5750;38;10/28/2009;1;494.9;3;false;American General Ventures Inc 
5770;33;07/16/2007;1;1484.7;9;false;American General Ventures Inc 
5774;27;10/08/2007;1;989.8;6;false;American General Ventures Inc 
5789;24;03/20/2011;1;1814.7;11;false;American General Ventures Inc 
5791;31;09/15/2006;1;1814.7;11;false;American General Ventures Inc 
5802;31;12/02/2007;1;659.9;4;false;American General Ventures Inc 
5805;18;02/21/2010;1;1154.8;7;false;American General Ventures Inc 
5846;7;12/05/2008;1;2474.6;15;false;American General Ventures Inc 
5850;11;11/24/2005;1;3134.4;19;false;American General Ventures Inc 
5864;33;07/22/2006;1;1814.7;11;false;American General Ventures Inc 
5873;32;10/29/2011;1;3299.4;20;false;American General Ventures Inc 
5875;1;06/22/2005;1;1649.7;10;false;American General Ventures Inc 
5877;7;08/02/2008;1;1319.8;8;false;American General Ventures Inc 
5883;21;09/16/2010;1;1319.8;8;false;American General Ventures Inc 
5884;23;12/04/2009;1;1814.7;11;false;American General Ventures Inc 
5888;34;07/07/2009;1;2639.5;16;false;American General Ventures Inc 
5894;20;02/13/2008;1;2639.5;16;false;American General Ventures Inc 
5920;9;10/06/2010;1;2639.5;16;false;American General Ventures Inc 
5922;7;10/26/2007;1;1484.7;9;false;American General Ventures Inc 
5926;29;04/06/2006;1;1649.7;10;false;American General Ventures Inc 
5928;21;05/02/2007;1;1979.6;12;false;American General Ventures Inc 
5943;31;12/21/2006;1;1319.8;8;false;American General Ventures Inc 
5944;20;10/24/2007;1;2474.6;15;false;American General Ventures Inc 
5966;31;07/15/2006;1;1319.8;8;false;American General Ventures Inc 
5969;19;05/15/2009;1;2474.6;15;false;American General Ventures Inc 
6002;31;04/06/2010;1;2639.5;16;false;American General Ventures Inc 
6020;37;08/09/2007;1;2969.5;18;false;American General Ventures Inc 
6037;10;09/25/2006;1;1649.7;10;false;American General Ventures Inc 
6050;17;01/01/2010;1;1814.7;11;false;American General Ventures Inc 
6084;17;09/05/2007;1;989.8;6;false;American General Ventures Inc 
6086;7;04/01/2008;1;824.9;5;false;American General Ventures Inc 
6087;22;07/27/2005;1;2804.5;17;false;American General Ventures Inc 
6117;35;11/07/2009;1;494.9;3;false;American General Ventures Inc 
6118;19;07/25/2006;1;1319.8;8;false;American General Ventures Inc 
6129;39;03/10/2010;1;329.9;2;false;American General Ventures Inc 
6137;25;02/23/2010;1;1154.8;7;false;American General Ventures Inc 
6145;12;07/01/2009;1;1319.8;8;false;American General Ventures Inc 
6164;11;08/10/2008;1;2969.5;18;false;American General Ventures Inc 
6172;18;11/03/2009;1;1649.7;10;false;American General Ventures Inc 
6196;24;12/03/2009;1;2474.6;15;false;American General Ventures Inc 
6201;1;02/19/2010;1;494.9;3;false;American General Ventures Inc 
6218;18;03/13/2009;1;659.9;4;false;American General Ventures Inc 
6232;38;11/27/2007;1;2474.6;15;false;American General Ventures Inc 
6233;25;01/19/2010;1;2969.5;18;false;American General Ventures Inc 
6234;8;09/08/2006;1;659.9;4;false;American General Ventures Inc 
6239;28;03/13/2007;1;494.9;3;false;American General Ventures Inc 
6270;17;12/18/2005;1;989.8;6;false;American General Ventures Inc 
6282;30;03/11/2005;1;2969.5;18;false;American General Ventures Inc 
6286;17;05/26/2010;1;2144.6;13;false;American General Ventures Inc 
6287;38;05/10/2007;1;2639.5;16;false;American General Ventures Inc 
6291;15;08/04/2007;1;1979.6;12;false;American General Ventures Inc 
6308;7;01/26/2005;1;2474.6;15;false;American General Ventures Inc 
6310;10;11/20/2007;1;3134.4;19;false;American General Ventures Inc 
6325;22;01/26/2009;1;2144.6;13;false;American General Ventures Inc 
6329;25;04/01/2009;1;1484.7;9;false;American General Ventures Inc 
6332;20;07/21/2010;1;2969.5;18;false;American General Ventures Inc 
6333;23;12/21/2008;1;659.9;4;false;American General Ventures Inc 
6339;31;04/13/2007;1;2639.5;16;false;American General Ventures Inc 
6341;29;06/09/2006;1;1979.6;12;false;American General Ventures Inc 
6342;23;09/11/2009;1;1319.8;8;false;American General Ventures Inc 
6349;4;05/13/2009;1;1814.7;11;false;American General Ventures Inc 
6353;14;02/06/2008;1;1154.8;7;false;American General Ventures Inc 
6358;5;06/18/2009;1;3299.4;20;false;American General Ventures Inc 
6365;18;09/26/2009;1;1649.7;10;false;American General Ventures Inc 
6381;5;08/08/2006;1;494.9;3;false;American General Ventures Inc 
6406;8;01/29/2011;1;494.9;3;false;American General Ventures Inc 
6419;33;05/05/2011;1;1319.8;8;false;American General Ventures Inc 
6424;10;01/08/2010;1;1979.6;12;false;American General Ventures Inc 
6432;6;04/25/2007;1;824.9;5;false;American General Ventures Inc 
6448;2;02/15/2008;1;2144.6;13;false;American General Ventures Inc 
6453;29;01/16/2006;1;329.9;2;false;American General Ventures Inc 
6454;36;05/03/2007;1;1979.6;12;false;American General Ventures Inc 
6459;13;05/04/2009;1;2639.5;16;false;American General Ventures Inc 
6469;34;05/26/2006;1;1979.6;12;false;American General Ventures Inc 
6497;24;10/06/2011;1;3299.4;20;false;American General Ventures Inc 
6499;20;12/11/2010;1;494.9;3;false;American General Ventures Inc 
6526;11;11/05/2005;1;494.9;3;false;American General Ventures Inc 
6552;34;04/02/2008;1;989.8;6;false;American General Ventures Inc 
6572;30;02/28/2006;1;329.9;2;false;American General Ventures Inc 
6588;8;04/20/2011;1;1319.8;8;false;American General Ventures Inc 
6616;3;11/16/2005;1;659.9;4;false;American General Ventures Inc 
6618;17;06/17/2009;1;659.9;4;false;American General Ventures Inc 
6627;32;04/12/2010;1;1649.7;10;false;American General Ventures Inc 
6628;10;04/10/2010;1;1484.7;9;false;American General Ventures Inc 
6631;25;07/15/2011;1;824.9;5;false;American General Ventures Inc 
6634;31;06/19/2011;1;3134.4;19;false;American General Ventures Inc 
6673;15;07/29/2011;1;2309.6;14;false;American General Ventures Inc 
6678;13;08/21/2005;1;2309.6;14;false;American General Ventures Inc 
6687;15;08/02/2008;1;2309.6;14;false;American General Ventures Inc 
6693;34;12/06/2006;1;2474.6;15;false;American General Ventures Inc 
6716;15;05/19/2007;1;2474.6;15;false;American General Ventures Inc 
6719;11;08/02/2006;1;2474.6;15;false;American General Ventures Inc 
6724;14;06/25/2006;1;824.9;5;false;American General Ventures Inc 
6746;13;10/11/2006;1;1649.7;10;false;American General Ventures Inc 
6754;3;10/23/2006;1;989.8;6;false;American General Ventures Inc 
6759;27;10/11/2011;1;3299.4;20;false;American General Ventures Inc 
6767;29;06/05/2006;1;3299.4;20;false;American General Ventures Inc 
6771;19;05/13/2006;1;2144.6;13;false;American General Ventures Inc 
6780;31;06/07/2007;1;2969.5;18;false;American General Ventures Inc 
6794;38;09/01/2011;1;2969.5;18;false;American General Ventures Inc 
6798;6;11/13/2009;1;2969.5;18;false;American General Ventures Inc 
6800;16;08/31/2009;1;1319.8;8;false;American General Ventures Inc 
6801;19;02/17/2005;1;1649.7;10;false;American General Ventures Inc 
6804;23;08/30/2005;1;2969.5;18;false;American General Ventures Inc 
6817;8;06/18/2008;1;2804.5;17;false;American General Ventures Inc 
6837;32;01/12/2009;1;2804.5;17;false;American General Ventures Inc 
6852;36;02/27/2011;1;2309.6;14;false;American General Ventures Inc 
6862;11;04/30/2007;1;3134.4;19;false;American General Ventures Inc 
6895;39;02/12/2005;1;2969.5;18;false;American General Ventures Inc 
6897;5;12/14/2010;1;989.8;6;false;American General Ventures Inc 
6902;26;07/13/2009;1;1649.7;10;false;American General Ventures Inc 
6906;28;12/07/2005;1;1979.6;12;false;American General Ventures Inc 
6914;18;02/08/2010;1;2639.5;16;false;American General Ventures Inc 
6916;22;03/18/2010;1;3299.4;20;false;American General Ventures Inc 
6924;28;07/30/2010;1;2474.6;15;false;American General Ventures Inc 
6932;25;01/14/2008;1;2639.5;16;false;American General Ventures Inc 
6938;15;10/04/2009;1;1154.8;7;false;American General Ventures Inc 
6945;17;05/04/2009;1;1154.8;7;false;American General Ventures Inc 
6951;21;09/22/2009;1;2144.6;13;false;American General Ventures Inc 
6953;26;02/25/2008;1;2804.5;17;false;American General Ventures Inc 
6954;7;09/26/2007;1;3299.4;20;false;American General Ventures Inc 
6961;30;04/03/2008;1;329.9;2;false;American General Ventures Inc 
6966;23;08/29/2009;1;989.8;6;false;American General Ventures Inc 
6967;6;07/29/2006;1;2969.5;18;false;American General Ventures Inc 
6969;37;09/18/2011;1;329.9;2;false;American General Ventures Inc 
6971;21;06/26/2011;1;1649.7;10;false;American General Ventures Inc 
6977;13;01/14/2008;1;2804.5;17;false;American General Ventures Inc 
6992;35;06/28/2007;1;2804.5;17;false;American General Ventures Inc 
6999;9;09/25/2005;1;2309.6;14;false;American General Ventures Inc 
7001;19;11/17/2006;1;2144.6;13;false;American General Ventures Inc 
7029;24;02/28/2011;1;494.9;3;false;American General Ventures Inc 
7030;4;05/29/2006;1;2804.5;17;false;American General Ventures Inc 
7049;6;05/21/2007;1;2804.5;17;false;American General Ventures Inc 
7050;19;09/11/2011;1;1154.8;7;false;American General Ventures Inc 
7057;23;03/07/2011;1;2969.5;18;false;American General Ventures Inc 
7136;1;03/01/2009;1;1154.8;7;false;American General Ventures Inc 
7140;39;07/15/2010;1;2474.6;15;false;American General Ventures Inc 
7141;9;11/09/2009;1;659.9;4;false;American General Ventures Inc 
7158;28;04/17/2010;1;2144.6;13;false;American General Ventures Inc 
7159;23;04/10/2011;1;329.9;2;false;American General Ventures Inc 
7170;10;11/17/2008;1;1814.7;11;false;American General Ventures Inc 
7187;24;08/02/2007;1;1814.7;11;false;American General Ventures Inc 
7204;13;10/07/2007;1;2969.5;18;false;American General Ventures Inc 
7224;39;04/06/2006;1;989.8;6;false;American General Ventures Inc 
7233;11;11/27/2009;1;1154.8;7;false;American General Ventures Inc 
7241;32;03/07/2006;1;659.9;4;false;American General Ventures Inc 
7259;25;07/31/2010;1;1154.8;7;false;American General Ventures Inc 
7260;22;12/19/2009;1;1484.7;9;false;American General Ventures Inc 
7274;1;09/25/2011;1;494.9;3;false;American General Ventures Inc 
7278;7;08/06/2009;1;2969.5;18;false;American General Ventures Inc 
7281;22;03/30/2009;1;2969.5;18;false;American General Ventures Inc 
7285;25;08/10/2009;1;2144.6;13;false;American General Ventures Inc 
7297;22;07/28/2007;1;989.8;6;false;American General Ventures Inc 
7298;31;02/28/2007;1;1154.8;7;false;American General Ventures Inc 
7299;17;11/13/2006;1;1319.8;8;false;American General Ventures Inc 
7305;32;10/03/2008;1;3134.4;19;false;American General Ventures Inc 
7308;19;10/16/2010;1;1649.7;10;false;American General Ventures Inc 
7309;27;09/01/2011;1;1319.8;8;false;American General Ventures Inc 
7310;23;10/03/2006;1;494.9;3;false;American General Ventures Inc 
7317;31;09/29/2008;1;2639.5;16;false;American General Ventures Inc 
7333;39;09/08/2007;1;1484.7;9;false;American General Ventures Inc 
7343;30;12/04/2006;1;1649.7;10;false;American General Ventures Inc 
7346;28;01/17/2006;1;989.8;6;false;American General Ventures Inc 
7348;5;10/16/2011;1;2969.5;18;false;American General Ventures Inc 
7355;19;02/01/2007;1;989.8;6;false;American General Ventures Inc 
7362;17;04/18/2009;1;659.9;4;false;American General Ventures Inc 
7367;10;12/21/2008;1;1979.6;12;false;American General Ventures Inc 
7372;15;12/18/2010;1;2474.6;15;false;American General Ventures Inc 
7376;25;12/11/2005;1;1649.7;10;false;American General Ventures Inc 
7397;3;08/22/2010;1;1649.7;10;false;American General Ventures Inc 
7415;32;03/12/2010;1;1649.7;10;false;American General Ventures Inc 
7417;1;10/02/2010;1;2969.5;18;false;American General Ventures Inc 
7421;11;12/13/2007;1;659.9;4;false;American General Ventures Inc 
7424;10;05/29/2008;1;2474.6;15;false;American General Ventures Inc 
7428;10;11/29/2007;1;3134.4;19;false;American General Ventures Inc 
7440;39;04/05/2005;1;3299.4;20;false;American General Ventures Inc 
7444;12;02/14/2010;1;2639.5;16;false;American General Ventures Inc 
7457;13;05/16/2006;1;494.9;3;false;American General Ventures Inc 
7463;21;05/08/2008;1;2144.6;13;false;American General Ventures Inc 
7470;31;12/25/2010;1;494.9;3;false;American General Ventures Inc 
7481;38;03/14/2009;1;1649.7;10;false;American General Ventures Inc 
7484;11;03/08/2011;1;1979.6;12;false;American General Ventures Inc 
7502;33;06/03/2005;1;3134.4;19;false;American General Ventures Inc 
7511;9;11/12/2008;1;659.9;4;false;American General Ventures Inc 
7515;18;02/07/2006;1;659.9;4;false;American General Ventures Inc 
7532;12;10/01/2006;1;824.9;5;false;American General Ventures Inc 
7539;8;05/14/2006;1;2309.6;14;false;American General Ventures Inc 
7555;7;05/13/2006;1;2474.6;15;false;American General Ventures Inc 
7560;39;01/07/2010;1;1154.8;7;false;American General Ventures Inc 
7567;16;11/24/2007;1;2639.5;16;false;American General Ventures Inc 
7569;27;12/21/2008;1;1814.7;11;false;American General Ventures Inc 
7587;6;09/17/2009;1;494.9;3;false;American General Ventures Inc 
7616;1;11/17/2010;1;824.9;5;false;American General Ventures Inc 
7617;11;08/31/2006;1;1814.7;11;false;American General Ventures Inc 
7633;39;01/13/2008;1;989.8;6;false;American General Ventures Inc 
7652;34;08/16/2009;1;2309.6;14;false;American General Ventures Inc 
7655;20;10/04/2005;1;494.9;3;false;American General Ventures Inc 
7662;24;12/08/2009;1;1154.8;7;false;American General Ventures Inc 
7678;29;10/16/2005;1;3134.4;19;false;American General Ventures Inc 
7679;38;07/06/2005;1;659.9;4;false;American General Ventures Inc 
7705;22;11/20/2007;1;989.8;6;false;American General Ventures Inc 
7714;38;03/24/2010;1;2309.6;14;false;American General Ventures Inc 
7719;18;10/09/2008;1;2804.5;17;false;American General Ventures Inc 
7720;15;11/15/2006;1;1484.7;9;false;American General Ventures Inc 
7731;10;05/06/2006;1;2474.6;15;false;American General Ventures Inc 
7748;14;11/02/2008;1;2309.6;14;false;American General Ventures Inc 
7750;18;01/29/2006;1;1319.8;8;false;American General Ventures Inc 
7751;29;01/11/2009;1;2804.5;17;false;American General Ventures Inc 
7757;23;07/04/2007;1;3299.4;20;false;American General Ventures Inc 
7764;33;10/28/2008;1;2804.5;17;false;American General Ventures Inc 
7774;14;01/24/2005;1;659.9;4;false;American General Ventures Inc 
7777;5;10/10/2011;1;3299.4;20;false;American General Ventures Inc 
7782;32;03/06/2011;1;989.8;6;false;American General Ventures Inc 
7791;9;04/27/2005;1;2309.6;14;false;American General Ventures Inc 
7795;30;09/22/2009;1;989.8;6;false;American General Ventures Inc 
7808;2;10/19/2007;1;824.9;5;false;American General Ventures Inc 
7831;38;01/05/2006;1;3134.4;19;false;American General Ventures Inc 
7843;32;04/25/2009;1;989.8;6;false;American General Ventures Inc 
7861;2;02/28/2011;1;2969.5;18;false;American General Ventures Inc 
7865;33;10/30/2006;1;2639.5;16;false;American General Ventures Inc 
7884;14;10/28/2006;1;494.9;3;false;American General Ventures Inc 
7899;3;10/16/2008;1;1814.7;11;false;American General Ventures Inc 
7907;30;07/05/2009;1;1319.8;8;false;American General Ventures Inc 
7918;5;11/15/2009;1;824.9;5;false;American General Ventures Inc 
7922;8;03/11/2010;1;1979.6;12;false;American General Ventures Inc 
7929;7;01/21/2005;1;2144.6;13;false;American General Ventures Inc 
7932;33;06/09/2006;1;329.9;2;false;American General Ventures Inc 
7943;7;08/29/2005;1;3134.4;19;false;American General Ventures Inc 
7947;2;10/18/2005;1;1649.7;10;false;American General Ventures Inc 
7961;4;03/17/2006;1;989.8;6;false;American General Ventures Inc 
7963;35;06/28/2006;1;659.9;4;false;American General Ventures Inc 
7976;30;01/17/2008;1;2969.5;18;false;American General Ventures Inc 
7980;3;01/25/2007;1;824.9;5;false;American General Ventures Inc 
7985;29;10/14/2006;1;3299.4;20;false;American General Ventures Inc 
7994;22;12/01/2008;1;989.8;6;false;American General Ventures Inc 
8004;17;05/12/2011;1;824.9;5;false;American General Ventures Inc 
8012;27;02/05/2010;1;1154.8;7;false;American General Ventures Inc 
8021;2;01/07/2006;1;3134.4;19;false;American General Ventures Inc 
8036;21;06/22/2010;1;659.9;4;false;American General Ventures Inc 
8037;17;10/20/2005;1;2309.6;14;false;American General Ventures Inc 
8041;11;04/25/2006;1;1484.7;9;false;American General Ventures Inc 
8055;25;06/02/2005;1;1649.7;10;false;American General Ventures Inc 
8075;36;11/10/2007;1;2639.5;16;false;American General Ventures Inc 
8083;27;01/08/2007;1;659.9;4;false;American General Ventures Inc 
8087;30;11/20/2008;1;1484.7;9;false;American General Ventures Inc 
8102;23;07/02/2007;1;3299.4;20;false;American General Ventures Inc 
8105;5;08/23/2005;1;1814.7;11;false;American General Ventures Inc 
8114;16;02/18/2011;1;1484.7;9;false;American General Ventures Inc 
8139;21;03/21/2008;1;1814.7;11;false;American General Ventures Inc 
8149;6;07/08/2008;1;3134.4;19;false;American General Ventures Inc 
8192;18;02/17/2005;1;3299.4;20;false;American General Ventures Inc 
8201;26;06/07/2007;1;2804.5;17;false;American General Ventures Inc 
8217;11;11/19/2005;1;494.9;3;false;American General Ventures Inc 
8219;6;02/20/2006;1;1649.7;10;false;American General Ventures Inc 
8226;30;03/12/2006;1;2969.5;18;false;American General Ventures Inc 
8230;33;04/28/2007;1;2639.5;16;false;American General Ventures Inc 
8234;1;11/11/2010;1;2474.6;15;false;American General Ventures Inc 
8247;31;04/22/2010;1;1319.8;8;false;American General Ventures Inc 
8261;6;03/20/2009;1;3299.4;20;false;American General Ventures Inc 
8276;37;06/23/2008;1;2144.6;13;false;American General Ventures Inc 
8277;10;02/17/2006;1;3134.4;19;false;American General Ventures Inc 
8284;38;09/20/2011;1;329.9;2;false;American General Ventures Inc 
8286;37;03/21/2011;1;1319.8;8;false;American General Ventures Inc 
8290;26;04/15/2010;1;1649.7;10;false;American General Ventures Inc 
8299;11;08/30/2011;1;3299.4;20;false;American General Ventures Inc 
8326;11;01/17/2010;1;2969.5;18;false;American General Ventures Inc 
8328;16;05/29/2011;1;1649.7;10;false;American General Ventures Inc 
8330;6;01/03/2011;1;2309.6;14;false;American General Ventures Inc 
8339;16;11/25/2005;1;1484.7;9;false;American General Ventures Inc 
8344;3;09/11/2010;1;659.9;4;false;American General Ventures Inc 
8348;3;12/24/2009;1;3299.4;20;false;American General Ventures Inc 
8350;7;08/01/2007;1;2309.6;14;false;American General Ventures Inc 
8390;20;06/20/2007;1;824.9;5;false;American General Ventures Inc 
8397;22;03/04/2005;1;1979.6;12;false;American General Ventures Inc 
8398;27;12/29/2008;1;2969.5;18;false;American General Ventures Inc 
8410;31;07/04/2005;1;1154.8;7;false;American General Ventures Inc 
8418;8;11/26/2007;1;2309.6;14;false;American General Ventures Inc 
8419;1;04/13/2009;1;1319.8;8;false;American General Ventures Inc 
8426;17;11/07/2008;1;1979.6;12;false;American General Ventures Inc 
8428;22;07/22/2010;1;1979.6;12;false;American General Ventures Inc 
8434;9;04/18/2011;1;2969.5;18;false;American General Ventures Inc 
8441;38;04/17/2011;1;659.9;4;false;American General Ventures Inc 
8463;34;11/05/2010;1;1979.6;12;false;American General Ventures Inc 
8472;11;09/08/2011;1;3134.4;19;false;American General Ventures Inc 
8485;3;07/28/2006;1;2309.6;14;false;American General Ventures Inc 
8489;8;06/06/2010;1;329.9;2;false;American General Ventures Inc 
8520;8;12/17/2009;1;3299.4;20;false;American General Ventures Inc 
8530;30;08/02/2008;1;824.9;5;false;American General Ventures Inc 
8539;21;05/17/2007;1;494.9;3;false;American General Ventures Inc 
8553;35;01/26/2006;1;2309.6;14;false;American General Ventures Inc 
8558;18;05/27/2009;1;2969.5;18;false;American General Ventures Inc 
8563;25;07/24/2009;1;1649.7;10;false;American General Ventures Inc 
8564;28;11/09/2007;1;494.9;3;false;American General Ventures Inc 
8566;11;01/15/2006;1;2804.5;17;false;American General Ventures Inc 
8578;35;10/02/2008;1;2474.6;15;false;American General Ventures Inc 
8587;25;12/20/2005;1;2474.6;15;false;American General Ventures Inc 
8589;21;01/18/2009;1;1484.7;9;false;American General Ventures Inc 
8590;13;05/15/2007;1;1649.7;10;false;American General Ventures Inc 
8593;8;11/24/2010;1;1484.7;9;false;American General Ventures Inc 
8600;23;07/20/2007;1;2309.6;14;false;American General Ventures Inc 
8610;25;10/19/2005;1;1814.7;11;false;American General Ventures Inc 
8640;18;12/24/2008;1;2144.6;13;false;American General Ventures Inc 
8659;10;05/13/2006;1;659.9;4;false;American General Ventures Inc 
8669;33;02/08/2006;1;2474.6;15;false;American General Ventures Inc 
8671;7;05/14/2009;1;2474.6;15;false;American General Ventures Inc 
8681;7;01/01/2006;1;3134.4;19;false;American General Ventures Inc 
8692;26;03/25/2010;1;2144.6;13;false;American General Ventures Inc 
8712;2;11/07/2005;1;2144.6;13;false;American General Ventures Inc 
8717;33;07/23/2007;1;1814.7;11;false;American General Ventures Inc 
8726;21;05/11/2008;1;2639.5;16;false;American General Ventures Inc 
8733;29;04/15/2007;1;2474.6;15;false;American General Ventures Inc 
8743;25;11/24/2010;1;1154.8;7;false;American General Ventures Inc 
8753;28;01/15/2010;1;3299.4;20;false;American General Ventures Inc 
8779;7;12/13/2008;1;2639.5;16;false;American General Ventures Inc 
8780;24;05/21/2007;1;3299.4;20;false;American General Ventures Inc 
8783;26;03/03/2007;1;989.8;6;false;American General Ventures Inc 
8787;28;09/23/2005;1;2639.5;16;false;American General Ventures Inc 
8790;39;10/15/2005;1;2144.6;13;false;American General Ventures Inc 
8795;31;07/24/2007;1;2969.5;18;false;American General Ventures Inc 
8796;37;02/08/2006;1;1814.7;11;false;American General Ventures Inc 
8802;24;09/15/2011;1;1649.7;10;false;American General Ventures Inc 
8805;34;03/10/2007;1;659.9;4;false;American General Ventures Inc 
8816;39;11/26/2009;1;2804.5;17;false;American General Ventures Inc 
8836;8;04/26/2009;1;1319.8;8;false;American General Ventures Inc 
8852;7;01/13/2008;1;2969.5;18;false;American General Ventures Inc 
8859;27;08/03/2005;1;2804.5;17;false;American General Ventures Inc 
8864;33;12/07/2009;1;659.9;4;false;American General Ventures Inc 
8869;14;02/19/2011;1;2144.6;13;false;American General Ventures Inc 
8878;3;04/23/2010;1;1979.6;12;false;American General Ventures Inc 
8888;29;10/02/2007;1;1979.6;12;false;American General Ventures Inc 
8906;12;04/23/2005;1;3299.4;20;false;American General Ventures Inc 
8907;1;08/23/2009;1;1319.8;8;false;American General Ventures Inc 
8914;2;08/29/2005;1;2474.6;15;false;American General Ventures Inc 
8947;23;11/13/2010;1;1154.8;7;false;American General Ventures Inc 
8949;26;11/26/2005;1;329.9;2;false;American General Ventures Inc 
8954;10;08/11/2005;1;2309.6;14;false;American General Ventures Inc 
8955;38;10/05/2007;1;659.9;4;false;American General Ventures Inc 
8963;1;03/27/2005;1;329.9;2;false;American General Ventures Inc 
8984;31;01/24/2009;1;2639.5;16;false;American General Ventures Inc 
8998;36;10/19/2009;1;329.9;2;false;American General Ventures Inc 
9003;20;02/13/2008;1;1484.7;9;false;American General Ventures Inc 
9006;14;07/18/2007;1;1319.8;8;false;American General Ventures Inc 
9028;17;07/23/2009;1;1154.8;7;false;American General Ventures Inc 
9042;31;06/19/2010;1;2804.5;17;false;American General Ventures Inc 
9061;11;07/07/2007;1;2309.6;14;false;American General Ventures Inc 
9062;20;10/13/2005;1;2639.5;16;false;American General Ventures Inc 
9067;7;02/02/2006;1;824.9;5;false;American General Ventures Inc 
9080;8;09/06/2005;1;329.9;2;false;American General Ventures Inc 
9103;33;11/13/2008;1;3299.4;20;false;American General Ventures Inc 
9114;14;02/06/2011;1;1484.7;9;false;American General Ventures Inc 
9116;13;02/04/2011;1;3134.4;19;false;American General Ventures Inc 
9120;27;07/13/2007;1;989.8;6;false;American General Ventures Inc 
9123;30;01/17/2009;1;329.9;2;false;American General Ventures Inc 
9127;32;05/18/2007;1;2474.6;15;false;American General Ventures Inc 
9131;38;11/21/2009;1;3134.4;19;false;American General Ventures Inc 
9134;32;01/30/2011;1;2474.6;15;false;American General Ventures Inc 
9153;14;11/20/2009;1;2969.5;18;false;American General Ventures Inc 
9161;6;10/03/2006;1;824.9;5;false;American General Ventures Inc 
9175;15;06/23/2009;1;1814.7;11;false;American General Ventures Inc 
9195;14;09/23/2011;1;1814.7;11;false;American General Ventures Inc 
9210;16;02/19/2009;1;989.8;6;false;American General Ventures Inc 
9219;24;06/25/2008;1;2639.5;16;false;American General Ventures Inc 
9227;12;06/22/2010;1;3299.4;20;false;American General Ventures Inc 
9229;5;10/09/2006;1;989.8;6;false;American General Ventures Inc 
9231;5;02/08/2008;1;1649.7;10;false;American General Ventures Inc 
9232;21;06/14/2005;1;1649.7;10;false;American General Ventures Inc 
9240;20;08/11/2008;1;1979.6;12;false;American General Ventures Inc 
9244;16;09/04/2009;1;2639.5;16;false;American General Ventures Inc 
9255;9;08/02/2011;1;2474.6;15;false;American General Ventures Inc 
9262;15;09/23/2010;1;1649.7;10;false;American General Ventures Inc 
9273;3;07/22/2006;1;2969.5;18;false;American General Ventures Inc 
9301;31;02/09/2009;1;1319.8;8;false;American General Ventures Inc 
9308;34;07/06/2009;1;2969.5;18;false;American General Ventures Inc 
9309;35;03/01/2005;1;2969.5;18;false;American General Ventures Inc 
9311;33;10/01/2007;1;1154.8;7;false;American General Ventures Inc 
9338;35;12/16/2006;1;1484.7;9;false;American General Ventures Inc 
9339;35;02/01/2005;1;2144.6;13;false;American General Ventures Inc 
9345;34;05/15/2010;1;329.9;2;false;American General Ventures Inc 
9363;13;04/26/2009;1;3299.4;20;false;American General Ventures Inc 
9367;3;11/26/2006;1;2144.6;13;false;American General Ventures Inc 
9386;15;01/11/2008;1;1979.6;12;false;American General Ventures Inc 
9403;4;07/09/2006;1;1649.7;10;false;American General Ventures Inc 
9422;23;05/13/2007;1;2309.6;14;false;American General Ventures Inc 
9436;14;08/03/2007;1;824.9;5;false;American General Ventures Inc 
9439;22;02/14/2010;1;2309.6;14;false;American General Ventures Inc 
9440;32;10/23/2008;1;2309.6;14;false;American General Ventures Inc 
9443;3;07/25/2011;1;989.8;6;false;American General Ventures Inc 
9445;7;06/09/2010;1;2804.5;17;false;American General Ventures Inc 
9451;26;05/25/2011;1;2804.5;17;false;American General Ventures Inc 
9460;20;04/19/2007;1;1154.8;7;false;American General Ventures Inc 
9465;27;07/03/2006;1;2639.5;16;false;American General Ventures Inc 
9477;39;04/19/2009;1;659.9;4;false;American General Ventures Inc 
9491;17;09/10/2005;1;2804.5;17;false;American General Ventures Inc 
9492;34;06/01/2011;1;494.9;3;false;American General Ventures Inc 
9499;17;04/30/2006;1;1814.7;11;false;American General Ventures Inc 
9508;26;12/30/2006;1;1649.7;10;false;American General Ventures Inc 
9533;15;02/12/2006;1;494.9;3;false;American General Ventures Inc 
9538;18;04/17/2005;1;1814.7;11;false;American General Ventures Inc 
9556;15;10/27/2009;1;3299.4;20;false;American General Ventures Inc 
9562;28;05/19/2006;1;3134.4;19;false;American General Ventures Inc 
9570;16;11/28/2007;1;2969.5;18;false;American General Ventures Inc 
9572;36;03/25/2006;1;2969.5;18;false;American General Ventures Inc 
9574;15;06/06/2011;1;659.9;4;false;American General Ventures Inc 
9577;30;02/11/2009;1;1319.8;8;false;American General Ventures Inc 
9579;12;09/19/2011;1;3134.4;19;false;American General Ventures Inc 
9594;26;09/17/2007;1;2804.5;17;false;American General Ventures Inc 
